site,level,n,log10_radius,log10_inherited_error,log10_fresh_error,log10_periodic_error,log10_neighbor_signal,log10_differential_error,log10_differential_relative_to_signal,log10_inherited_relative_to_signal,log10_periodic_relative_to_signal
parabolic_cusp,1,11,-5.477121254719663,-17.315980041356,-17.649340305723634,-17.315980041356,-4.781369661908768,-17.315171939217638,-12.533802277308869,-12.53461037944723,-12.53461037944723
parabolic_cusp,2,12,-5.954242509439325,-18.23884067095364,-19.321627806498384,-18.23884067095364,-5.228199881261375,-18.280762529752135,-13.05256264849076,-13.010640789692264,-13.010640789692264
parabolic_cusp,3,13,-6.431363764158987,-18.64855397048399,-21.012755293571317,-18.64855397048399,-5.677146255086008,-18.93476394602602,-13.257617690940013,-12.971407715397984,-12.971407715397984
parabolic_cusp,4,14,-6.9084850188786495,-18.824038577168682,-22.719781775843003,-18.824038577168682,-6.127924321392006,-19.49887778501316,-13.370953463621156,-12.696114255776678,-12.696114255776678
parabolic_cusp,5,15,-7.385606273598312,-18.914931656604875,-24.4404272208082,-18.914931656604875,-6.580303738644148,-20.036329476798382,-13.456025738154235,-12.334627917960727,-12.334627917960727
parabolic_cusp,6,16,-7.862727528317975,-18.97530313394321,-26.17288419521628,-18.97530313394321,-7.034095533910365,-20.56354157314068,-13.529446039230315,-11.941207600032847,-11.941207600032847
parabolic_cusp,7,17,-8.339848783037636,-19.023902111072488,-27.915693059770224,-19.023902111072488,-7.489142782410895,-21.08582406709917,-13.596681284688277,-11.534759328661593,-11.534759328661593
parabolic_cusp,8,18,-8.816970037757299,-19.067177656081043,-29.66765637226486,-19.067177656081043,-7.945313725431442,-21.605071957250075,-13.659758231818634,-11.121863930649601,-11.121863930649601
parabolic_cusp,9,19,-9.294091292476962,-19.10741585618339,-31.427778452805562,-31.006546873714807,-8.402496626278488,-22.122046222844496,-13.719549596566008,-10.704919229904903,-22.60405024743632
parabolic_cusp,10,20,-9.771212547196624,-19.145493563848838,-33.19522164395254,-31.87430676544996,-8.860595874334404,-22.637114580205346,-13.776518705870942,-10.284897689514434,-23.013710891115554
parabolic_cusp,11,21,-10.248333801916287,-19.18180252053365,-34.969273968734356,-32.25500380934279,-9.319528994929495,-23.150498971866426,-13.830969976936931,-9.862273525604156,-22.935474814413293
parabolic_cusp,12,22,-10.72545505663595,-19.21656022304742,-36.749324765252425,-32.41114926252702,-9.77922432479977,-23.662360285017634,-13.883135960217864,-9.43733589824765,-22.63192493772725
parabolic_cusp,13,23,-11.202576311355612,-19.24991560156762,-38.53484602595327,-32.485565508955965,-10.239619183026953,-24.172828578845067,-13.933209395818114,-9.010296418540666,-22.245946325929012
parabolic_cusp,14,24,-11.679697566075275,-19.281985879230692,-40.32537789565479,-32.53137214644376,-10.700658415639113,-24.68201478609161,-13.981356370452497,-8.58132746359158,-21.830713730804646
parabolic_cusp,15,25,-12.156818820794937,-19.312870182966513,-42.120517253461905,-32.566839816742075,-11.16229322552827,-25.190015936960634,-14.027722711432364,-8.150576957438243,-21.404546591213805
parabolic_cusp,16,26,-12.6339400755146,-19.342655164822194,-43.91990861668997,-32.59815305983627,-11.624480222793466,-25.69691798467862,-14.072437761885155,-7.718174942028728,-20.973672837042805
parabolic_cusp,17,27,-13.11106133023426,-19.371417770841997,-45.72323681734312,-45.26377384449692,-12.087180647243098,-26.20279764243686,-14.115616995193761,-7.284237123598899,-33.17659319725382
parabolic_cusp,18,28,-13.588182584953923,-19.399226908294942,-47.53022104866093,-46.110064981981445,-12.550359726724166,-26.707723739969698,-14.157364013245532,-6.8488671815707765,-33.55970525525728
parabolic_cusp,19,29,-14.065303839673586,-19.426144624440113,-49.340609982699306,-46.47871446335567,-13.013986143619723,-27.21175829876954,-14.197772155149815,-6.4121584808203895,-33.46472831973595
parabolic_cusp,20,30,-14.542425094393248,-19.452227024244923,-51.154177733888154,-46.62563695916406,-13.478031588236352,-27.714957415288474,-14.236925827052122,-5.974195436008571,-33.14760537092771
parabolic_cusp,21,31,-15.019546349112911,-19.477525020927544,-52.970720497173254,-46.69180583690458,-13.94247038255097,-28.217371999975473,-14.274901617424502,-5.5350546383765735,-32.749335454353606
parabolic_cusp,22,32,-15.496667603832574,-19.50208496491129,-54.790053728794945,-46.730038533926944,-14.40727916135719,-28.71904840239603,-14.31176924103884,-5.094805803554101,-32.322759372569756
parabolic_cusp,23,33,-15.973788858552236,-19.52594917778912,-56.612009767103466,-46.758464977307185,-14.872436600564308,-29.220028943918752,-14.347592343354444,-4.653512577224811,-31.88602837674288
parabolic_cusp,24,34,-16.4509101132719,-19.549156409323714,-58.436435812889485,-46.78319343638448,-15.337923184482765,-29.720352374289728,-14.382429189806963,-4.211233224840949,-31.445270251901714
parabolic_cusp,25,35,-16.92803136799156,-19.571742230899137,-60.263192205492295,-59.782128820818585,-15.803721005539826,-30.220054264942583,-14.416333259402757,-3.768021225359311,-43.97840781527876
parabolic_cusp,26,36,-17.405152622711224,-19.59373937592522,-62.09215094382946,-60.6168269899871,-16.26981359112525,-30.719167349355878,-14.449353758230629,-3.3239257847999717,-44.347013398861854
parabolic_cusp,27,37,-17.882273877430887,-19.61517803563162,-63.923194411467186,-60.97869236270292,-16.736185753254205,-31.217721818831713,-14.481536065577508,-2.878992282377414,-44.24250660944872
parabolic_cusp,28,38,-18.35939513215055,-19.636086117128862,-65.7562142726401,-61.12015600255545,-17.20282345751674,-31.71574558055185,-14.51292212303511,-2.4332626596121223,-43.917332545038704
parabolic_cusp,29,39,-18.836516386870212,-19.656489469394078,-67.59111051225928,-61.181333112369856,-17.669713708406707,-32.21326448356194,-14.543550775155236,-1.9867757609873706,-43.51161940396315
parabolic_cusp,30,40,-19.313637641589875,-19.67641208186724,-69.4277905978078,-61.21489609108636,-18.136844448623442,-32.71030251736743,-14.573458068743989,-1.5395676332437986,-43.07805164246292
parabolic_cusp,31,41,-19.790758896309537,-19.69587625956084,-71.2661687449017,-61.238911740431234,-18.604204470343664,-33.20688198704329,-14.602677516699625,-1.0916717892171768,-42.634707270087574
parabolic_cusp,32,42,-20.2678801510292,-19.714902777949902,-73.10616527141194,-61.25945590579863,-19.071783336789075,-33.703023668124146,-14.631240331335071,-0.6431194411608274,-42.18767256900956
parabolic_cusp,33,43,-20.74500140574886,-19.733511020389706,-74.94770602756164,-74.45270784603751,-19.539571312683183,-34.1987469440222,-14.659175631339014,-0.19393970770652302,-54.91313653335433
parabolic_cusp,34,44,-21.22212266046852,-19.751719100381436,-76.79072189146164,-75.28011081978931,-20.007559302410645,-34.69406992829299,-14.686510625882345,0.25584020202920854,-55.27255151737867
parabolic_cusp,35,45,-21.699243915188184,-19.769543970653423,-78.63514832121172,-75.63759249845117,-20.4757387948739,-35.18900957371686,-14.713270778842958,0.7061948242204785,-55.161853703577265
parabolic_cusp,36,46,-22.176365169907847,-19.787001520733128,-80.48092495531617,-75.77543402614437,-20.94410181419205,-35.68358176987102,-14.73947995567897,1.157100293458921,-54.831332211952315
parabolic_cusp,37,47,-22.65348642462751,-19.8041066644412,-82.32799515520327,-75.83325483040885,-21.412640875512036,-36.177801430623774,-14.765160555111738,1.608534211070836,-54.42061395489681
parabolic_cusp,38,48,-23.13060767934717,-19.820873418535026,-84.17630422553826,-75.863642615603,-21.881348945306772,-36.67168257277821,-14.790333627471437,2.0604755267717465,-53.98229367029623
parabolic_cusp,39,49,-23.607728934066834,-19.837314973557845,-86.02571805473117,-75.884629220332,-22.350219405622493,-37.165238386921345,-14.815018981298852,2.512904432064648,-53.534409814709505
parabolic_cusp,40,50,-24.084850188786497,-19.853443757804943,-87.86012031041282,-75.90227351430785,-22.81924602181159,-37.65848130139054,-14.839235279578947,2.9658022640066477,-53.08302749249626
parabolic_cusp,41,51,-24.56197144350616,-19.869271495196294,-89.15490181090756,-89.04545252243581,-23.28842291334966,-38.15142304014612,-14.86300012679646,3.4191514181533655,-65.75702960908615
parabolic_cusp,42,52,-25.039092698225822,-19.884809257741015,-89.30102993234385,-89.15489891799578,-23.757744527388525,-38.64407467523602,-14.886330147847495,3.8729352696475097,-65.39715439060726
parabolic_cusp,43,53,-25.516213952945485,-19.900067513190628,-88.9586072681641,-88.88605529886607,-24.227205614742125,-39.13644667444906,-14.909241059706936,4.327138101551498,-64.65884968412394
parabolic_cusp,44,54,-25.993335207665147,-19.91505616840236,-89.22184866251621,-88.99989097427121,-24.69680120804074,-39.62854894467836,-14.931747736637618,4.7817450396383805,-64.30308976623047
parabolic_cusp,45,55,-26.47045646238481,-19.929784608868992,-89.22184871770777,-88.79586255105329,-25.166526601822074,-40.12039087145122,-14.953864269629147,5.236741992953082,-63.62933594923122
parabolic_cusp,46,56,-26.947577717104473,-19.944261734815793,-89.22184872548888,-88.63826176060468,-25.636377334356133,-40.611981355026195,-14.975604020670062,5.69211559954034,-63.001884426248544
parabolic_cusp,47,57,-27.424698971824135,-19.95849599421715,-89.30102996092043,-88.65756755842679,-26.106349171025233,-41.10332884340969,-14.996979672384459,6.147853176808084,-62.55121838740156
parabolic_cusp,48,58,-27.901820226543798,-19.972495413043738,-88.99999993431297,-88.56863057149656,-26.57643808910176,-41.59444136260328,-15.018003273501517,6.603942676058022,-61.9921924823948
parabolic_cusp,49,59,-28.37894148126346,-19.986267623015124,-89.5228787160861,-89.15490179508684,-27.046640263784507,-42.08532654435629,-15.038686280571785,7.060372640769383,-62.10826153130233
parabolic_cusp,50,60,-28.856062735983123,-19.9998198871012,-88.92081868625975,-88.76955097925247,-27.516952055370425,-42.57599165166734,-15.059039596296913,7.5171321682692245,-61.25259892388205
parabolic_cusp,51,61,-29.333183990702786,-20.013159122988665,-89.15490189931747,-88.88605652927728,-27.987369997452483,-43.06644360225084,-15.07907360479836,7.974210874463818,-60.8986865318248
parabolic_cusp,52,62,-29.810305245422448,-20.02629192470473,-89.99999777642364,-88.7695508957673,-28.45789078604642,-43.556688990160765,-15.098798204114345,8.43159886134169,-60.311660109720876
parabolic_cusp,53,63,-30.28742650014211,-20.03922458256946,-89.09690989887007,-88.48148592324561,-28.928511269559763,-44.04673410574299,-15.118222836183229,8.889286686990303,-59.55297465368585
parabolic_cusp,54,64,-30.76454775486177,-20.05196310162975,-89.30102987023977,-88.42021624356649,-29.399228439525885,-44.536584954069376,-15.137356514543491,9.347265337896136,-59.0209878040406
parabolic_cusp,55,65,-31.241669009581432,-20.064513218711788,-89.22184853246922,-88.29242965634226,-29.870039422033866,-45.02624727199021,-15.156207849956342,9.805526203322078,-58.422390234308395
parabolic_cusp,56,66,-31.718790264301095,-20.07688041821476,-89.3010298566898,-88.37675049861485,-30.340941469792302,-45.515726543927975,-15.174785074135674,10.264061051577542,-58.035809028822555
parabolic_cusp,57,67,-32.19591151902076,-20.089069946755824,-88.95860718821446,-88.7695509140407,-30.811931954771424,-46.005028016522346,-15.193096061750921,10.7228620080156,-57.95761895926928
parabolic_cusp,58,68,-32.673032773740424,-20.10108682676546,-88.85387181266219,-88.88605641697755,-31.28300836137359,-46.494156712225596,-15.211148350852007,11.18192153460813,-57.60304805560396
parabolic_cusp,59,69,-33.150154028460086,-20.11293586912237,-89.30102993234385,-88.88605648938132,-31.754168280087143,-46.98311744193747,-15.22894916185033,11.641232410964772,-57.131888209294175
parabolic_cusp,60,70,-33.62727528317975,-20.12462168490834,-89.39793959812842,-88.65757709204819,-32.22540940158304,-47.47191481676014,-15.246505415177097,12.100787716674702,-56.43216769046514
deep_boundary,1,11,-5.477121254719663,-18.700846159082268,-19.05733938337341,-18.700846159082268,-5.034455053371273,-18.70059168475235,-13.666136631381077,-13.666391105710995,-13.666391105710995
deep_boundary,2,12,-5.954242509439325,-19.472479509659937,-20.665359962255998,-19.472479509659937,-5.484214153468778,-19.518512460636266,-14.03429830716749,-13.98826535619116,-13.98826535619116
deep_boundary,3,13,-6.431363764158987,-19.856667460407202,-22.28780643482937,-19.856667460407202,-5.863958808072753,-20.14466573216304,-14.280706924090289,-13.99270865233445,-13.99270865233445
deep_boundary,4,14,-6.9084850188786495,-19.861833296396807,-23.896917414499576,-19.861833296396807,-6.283619808001376,-20.538162304089703,-14.254542496088327,-13.57821348839543,-13.57821348839543
deep_boundary,5,15,-7.385606273598312,-19.88583515749988,-25.48603092555029,-19.88583515749988,-6.662232589601939,-21.008583052901393,-14.346350463299455,-13.223602567897942,-13.223602567897942
deep_boundary,6,16,-7.862727528317975,-19.78382397116192,-27.081342627821346,-19.78382397116192,-7.057107378534246,-21.373388781397576,-14.31628140286333,-12.726716592627673,-12.726716592627673
deep_boundary,7,17,-8.339848783037636,-19.715138571958665,-28.620922634983007,-19.715138571958665,-7.416751673318209,-21.778379957547585,-14.361628284229376,-12.298386898640455,-12.298386898640455
deep_boundary,8,18,-8.816970037757299,-19.605581493979454,-30.184595355504445,-19.605581493979454,-7.7938115049335295,-22.1447980272556,-14.35098652232207,-11.811769989045924,-11.811769989045924
deep_boundary,9,19,-9.294091292476962,-19.464289749616867,-31.6542222162019,-31.288680777238167,-8.111281740665317,-22.480243274562458,-14.36896153389714,-11.35300800895155,-23.17739903657285
deep_boundary,10,20,-9.771212547196624,-19.36385324978853,-33.161330940834645,-32.07174467995063,-8.483309982977715,-22.856805107872546,-14.37349512489483,-10.880543266810815,-23.588434696972918
deep_boundary,11,21,-10.248333801916287,-19.136095052630864,-34.539966933198464,-32.18403552768082,-8.731250983821978,-23.106125461802403,-14.374874477980425,-10.404844068808886,-23.45278454385884
deep_boundary,12,22,-10.72545505663595,-19.07488619818289,-35.95644199484823,-32.24491150929443,-9.136733733451724,-23.522035744245336,-14.385302010793612,-9.938152464731168,-23.10817777584271
deep_boundary,13,23,-11.202576311355612,-18.76474741934503,-37.26008586553707,-31.976366753017146,-9.308664989898025,-23.689018759808665,-14.38035376991064,-9.456082429447006,-22.66770176311912
deep_boundary,14,24,-11.679697566075275,-18.887131031197878,-38.56538181436563,-32.11269529000038,-9.911238143297426,-24.28856670813202,-14.377328564834594,-8.975892887900452,-22.201457146702957
deep_boundary,15,25,-12.156818820794937,-18.703704238427836,-40.277070908559075,-31.93392351277497,-10.201504103825334,-24.58226924556005,-14.380765141734715,-8.502200134602502,-21.73241940894964
deep_boundary,16,26,-12.6339400755146,-18.800793418433514,-41.641199849082675,-32.0325650146626,-10.776291299326134,-25.15652036346407,-14.380229064137938,-8.02450211910738,-21.25627371533647
deep_boundary,17,27,-13.11106133023426,-18.613590972176677,-43.16351770431249,-42.79758434999622,-11.06441285610495,-25.44645542387231,-14.382042567767362,-7.549178116071728,-31.73317149389127
deep_boundary,18,28,-13.588182584953923,-18.68515697407385,-44.70862788724205,-43.66980149911864,-11.611986578117587,-25.995178257663376,-14.383191679545789,-7.073170395956261,-32.057814921001054
deep_boundary,19,29,-14.065303839673586,-18.48946766878369,-46.239401098507855,-43.809324318779126,-11.89295372720497,-26.276636189063918,-14.383682461858948,-6.596513941578719,-31.916370591574157
deep_boundary,20,30,-14.542425094393248,-18.53570359175794,-47.86208110519989,-43.97316978709935,-12.414434806464271,-26.800020818184816,-14.385586011720545,-6.121268785293669,-31.55873498063508
deep_boundary,21,31,-15.019546349112911,-18.325036866545933,-49.38316296628537,-43.802648957834485,-12.681274182002504,-27.06651316117351,-14.385238979171007,-5.643762684543429,-31.12137477583198
deep_boundary,22,32,-15.496667603832574,-18.347289417931165,-51.021587228273305,-43.83836340022211,-13.178820265821505,-27.565898123899157,-14.387077858077651,-5.16846915210966,-30.6595431344006
deep_boundary,23,33,-15.973788858552236,-18.113030671248513,-52.513558409948644,-43.60859954981968,-13.422406396372816,-27.808809670195746,-14.38640327382293,-4.690624274875697,-30.186193153446865
deep_boundary,24,34,-16.4509101132719,-18.117313310458023,-54.13099168978701,-43.61438127230783,-13.902583998349717,-28.29018323302232,-14.387599234672601,-4.214729312108306,-29.711797273958112
deep_boundary,25,35,-16.92803136799156,-17.850973258783434,-55.58272591920787,-55.15459975970918,-14.113999897985485,-28.501008645478084,-14.3870087474926,-3.7369733607979487,-41.04059986172369
deep_boundary,26,36,-17.405152622711224,-17.862505348633434,-57.15596469904389,-55.97981647191249,-14.602270301804333,-28.989502204299654,-14.387231902495321,-3.2602350468291004,-41.37754617010816
deep_boundary,27,37,-17.882273877430887,-17.57102921999155,-58.5924554656913,-56.05458224671421,-14.78818118421282,-29.175111234347956,-14.386930050135135,-2.7828480357787306,-41.26640106250139
deep_boundary,28,38,-18.35939513215055,-17.705277334153028,-60.13040105674642,-56.313220853498045,-15.39993012690985,-29.785803768565632,-14.385873641655783,-2.3053472072431784,-40.913290726588194
deep_boundary,29,39,-18.836516386870212,-17.464982008317048,-61.772039924481184,-56.11447395672826,-15.636553047789388,-30.022390379620823,-14.385837331831436,-1.8284289605276598,-40.47792090893887
deep_boundary,30,40,-19.313637641589875,-20.17064457597261,-63.378452173736896,-58.833972838582696,-18.701197621046553,-32.961861094484505,-14.260663473437951,-1.469446954926056,-40.13277521753614
deep_boundary,31,41,-19.790758896309537,-19.991531929793833,-65.09572623242805,-58.659473872748066,-19.069180061239397,-33.25987016938934,-14.19069010814994,-0.9223518685544363,-39.59029381150867
deep_boundary,32,42,-20.2678801510292,-20.3526218036147,-67.33546908857909,-59.02210098811272,-19.751085928904146,-34.09807817007243,-14.34699224116828,-0.601535874710553,-39.27101505920857
deep_boundary,33,43,-20.74500140574886,-20.192983312866463,-69.07755784925195,-68.52461155304118,-20.164127310521113,-34.41556125771086,-14.25143394718975,-0.028856002345349907,-48.36048424252007
deep_boundary,34,44,-21.22212266046852,-20.433404011305985,-71.20756403153376,-69.5579264432464,-20.718582004628203,-35.13310150055207,-14.41451949592387,0.28517799332221827,-48.8393444386182
deep_boundary,35,45,-21.699243915188184,-20.286203953358786,-72.96280457614813,-69.74799602172396,-21.15068213096198,-35.46302297711381,-14.31234084615183,0.8644781776031927,-48.59731389076198
deep_boundary,36,46,-22.176365169907847,-20.457154286110217,-75.02877290762298,-70.03862982889527,-21.64684932799367,-36.111093207265206,-14.464243879271535,1.1896950418834535,-48.391780500901596
deep_boundary,37,47,-22.65348642462751,-20.319023194678458,-76.79283967636486,-69.94097480903868,-22.0824501864763,-36.450083643251574,-14.367633456775273,1.763426991797843,-47.85852462256238
deep_boundary,38,48,-23.13060767934717,-20.43782535327658,-78.80886987076347,-70.07331818479354,-22.547241097563948,-37.04600578271411,-14.498764685150164,2.109415744287368,-47.52607708722959
deep_boundary,39,49,-23.607728934066834,-20.306767719946944,-80.57922376379068,-69.94677907643552,-22.976920811151768,-37.39206969453106,-14.415148883379292,2.670153091204824,-46.96985826528375
deep_boundary,40,50,-24.084850188786497,-20.380091928711362,-82.55023554794066,-70.02160996512487,-23.421493016164266,-37.94251383818234,-14.521020822018077,3.041401087452904,-46.600116948960604
deep_boundary,41,51,-24.56197144350616,-20.254777301899377,-84.32495864595778,-83.7726328839368,-23.839832903030594,-38.29432080172864,-14.454487898698044,3.5850556011312165,-59.932799980906196
deep_boundary,42,52,-25.039092698225822,-20.28380623573773,-86.25071667846015,-84.59597920562535,-24.266495906709817,-38.80046952547418,-14.53397361876436,3.982689670972089,-60.329483298915534
deep_boundary,43,53,-25.516213952945485,-20.163308818983143,-88.02263760451046,-84.81237940823142,-24.67096073114523,-39.15709378865855,-14.486133057513321,4.5076519121620855,-60.14141867708619
deep_boundary,44,54,-25.993335207665147,-20.144964786789757,-89.1419983281826,-84.91373105448346,-25.075324462793755,-39.615869297972054,-14.540544835178299,4.930359676003999,-59.838406591689704
deep_boundary,45,55,-26.47045646238481,-20.028803550088462,-89.03529053714286,-84.83806694794436,-25.465812272808535,-39.97682992376067,-14.511017650952134,5.437008722720073,-59.37225467513582
deep_boundary,46,56,-26.947577717104473,-19.95539826802694,-89.22184874961636,-84.77820451662174,-25.837019594269414,-40.38054381999098,-14.543524225721569,5.881621326242474,-58.94118492235233
deep_boundary,47,57,-27.424698971824135,-19.84426763767746,-88.7578500803266,-84.67158562627941,-26.21631320048879,-40.74653547554653,-14.530222275057739,6.37204556281133,-58.45527242579062
deep_boundary,48,58,-27.901820226543798,-19.70245021070231,-88.54309307380814,-84.5312675683729,-26.53650214075761,-41.081836803084464,-14.545334662326855,6.834051930055299,-57.99476542761529
deep_boundary,49,59,-28.37894148126346,-19.601838359600137,-88.43563885783078,-88.51905226316607,-26.91377225929683,-41.45834843607294,-14.544576176776108,7.311933899696694,-61.60528000386924
deep_boundary,50,60,-28.856062735983123,-19.374020078727554,-88.38605664769317,-88.32439182733033,-27.160003702219292,-41.7076489106515,-14.547645208432208,7.785983623491738,-61.16438812511104
deep_boundary,51,61,-29.333183990702786,-19.312791115627462,-88.75414410491462,-88.31572547180863,-27.56991156878947,-42.12354781614948,-14.553636247360014,8.257120453162006,-60.74581390301917
deep_boundary,52,62,-29.810305245422448,-19.002643981414433,-88.15239054054743,-87.8518209976293,-27.739695056291875,-42.29052270477245,-14.550827648480574,8.737051074877442,-60.112125941337425
deep_boundary,53,63,-30.28742650014211,-19.1250236549097,-88.0156418112666,-87.83761192059177,-28.340089020607472,-42.89004905948747,-14.549960038879995,9.215065365697772,-59.4975228999843
deep_boundary,54,64,-30.76454775486177,-18.94160207682149,-87.800951836725,-87.61184558273031,-28.632128746636376,-43.1837618993556,-14.551633152719226,9.690526669814886,-58.979716836093935
deep_boundary,55,65,-31.241669009581432,-19.038683897031337,-88.04135229952716,-87.56318859161986,-29.205745683331532,-43.75798091428253,-14.552235230950995,10.167061786300195,-58.357442908288334
deep_boundary,56,66,-31.718790264301095,-18.85148747730241,-87.76341715384322,-87.47785166219644,-29.495063329583623,-44.04792391045404,-14.552860580870416,10.643575852281213,-57.98278833261282
deep_boundary,57,67,-32.19591151902076,-18.923040377716998,-87.96852108295775,-87.69360807164013,-30.04231202371803,-44.59660280418778,-14.554290780469753,11.119271646001032,-57.6512960479221
deep_boundary,58,68,-32.673032773740424,-18.727356492786704,-87.8857741546428,-87.4762515866659,-30.32390477598439,-44.87806341671209,-14.5541586407277,11.596548283197684,-57.15234681068151
deep_boundary,59,69,-33.150154028460086,-18.773571379064887,-87.85489362654023,-87.3796405302965,-30.84561017384957,-45.40138865643153,-14.55577848258196,12.072038794784682,-56.534030356446934
deep_boundary,60,70,-33.62727528317975,-18.562907487087177,-87.56540468206133,-87.2088660219541,-31.112624619174767,-45.667873116435565,-14.555248497260799,12.54971713208759,-56.09624140277933
escaping_seahorse,1,11,-5.477121254719663,-19.084614691560606,-19.45952758895773,-19.084614691560606,-5.135220011212935,-19.084475217338966,-13.94925520612603,-13.949394680347671,-13.949394680347671
escaping_seahorse,2,12,-5.954242509439325,-19.84826198323371,-21.100143230920615,-19.84826198323371,-5.64106981662961,-19.89561768764876,-14.254547871019149,-14.207192166604099,-14.207192166604099
escaping_seahorse,3,13,-6.431363764158987,-20.31047143039605,-22.824073607491243,-20.31047143039605,-6.0173980444775,-20.600066978483632,-14.582668934006133,-14.29307338591855,-14.29307338591855
escaping_seahorse,4,14,-6.9084850188786495,-20.31314004770685,-24.480732889594012,-20.31314004770685,-6.497270966488467,-20.99124737803215,-14.49397641154368,-13.81586908121838,-13.81586908121838
escaping_seahorse,5,15,-7.385606273598312,-20.433859077590714,-26.194093107823935,-20.433859077590714,-6.889748056100484,-21.558483744371,-14.668735688270516,-13.544111021490231,-13.544111021490231
escaping_seahorse,6,16,-7.862727528317975,-20.327823360460684,-27.856833249455622,-20.327823360460684,-7.345699013949351,-21.919293083941234,-14.573594069991884,-12.982124346511334,-12.982124346511334
escaping_seahorse,7,17,-8.339848783037636,-20.38309107428186,-29.554241226111596,-20.38309107428186,-7.7483576794743785,-22.448246199268887,-14.69988851979451,-12.634733394807483,-12.634733394807483
escaping_seahorse,8,18,-8.816970037757299,-20.266251477352032,-31.214822131589823,-20.266251477352032,-8.181974884497558,-22.80738320475639,-14.625408320258833,-12.084276592854474,-12.084276592854474
escaping_seahorse,9,19,-9.294091292476962,-20.287785318528808,-32.88938020654738,-32.486112350615315,-8.587989717377608,-23.305654536912144,-14.717664819534535,-11.6997956011512,-23.898122633237705
escaping_seahorse,10,20,-9.771212547196624,-20.169761618123438,-34.53928770908116,-33.23752481999412,-9.000420240689238,-23.664626025758835,-14.664205785069598,-11.1693413774342,-24.237104579304884
escaping_seahorse,11,21,-10.248333801916287,-20.157408574851736,-36.18168579554043,-33.57442056130104,-9.401143565309717,-24.129349643850627,-14.72820607854091,-10.75626500954202,-24.173276995991323
escaping_seahorse,12,22,-10.72545505663595,-20.037173685947874,-37.81020936804847,-33.57796763167512,-9.792908125443361,-24.486223570807276,-14.693315445363915,-10.244265560504513,-23.78505950623176
escaping_seahorse,13,23,-11.202576311355612,-19.984197504906962,-39.40705649104398,-33.56675187066738,-10.17641920017329,-24.910361308576814,-14.733942108403523,-9.807778304733672,-23.39033267049409
escaping_seahorse,14,24,-11.679697566075275,-19.85809005827726,-40.99843199904476,-33.45460336013629,-10.546817528703174,-25.26137601797087,-14.714558489267697,-9.311272529574085,-22.907785831433117
escaping_seahorse,15,25,-12.156818820794937,-19.751823675012954,-42.529250273704164,-33.352993094280286,-10.895401626727452,-25.632227184976,-14.736825558248547,-8.856422048285502,-22.457591467552835
escaping_seahorse,16,26,-12.6339400755146,-19.612668364251483,-44.05709985073036,-33.215390125494714,-11.240876971412638,-25.970196957443022,-14.729319986030385,-8.371791392838846,-21.974513154082075
escaping_seahorse,17,27,-13.11106133023426,-19.430249751023712,-45.488861817446946,-45.12246098400342,-11.526364487840794,-26.264896022782107,-14.738531534941313,-7.903885263182918,-33.59609649616262
escaping_seahorse,18,28,-13.588182584953923,-19.262446734478182,-46.90376378609124,-45.83310726833942,-11.835749085692829,-26.574221968789864,-14.738472883097035,-7.426697648785353,-33.99735818264659
escaping_seahorse,19,29,-14.065303839673586,-18.963158238101414,-48.18143828042012,-45.877121586567135,-12.011948811324794,-26.75205300478943,-14.740104193464637,-6.95120942677662,-33.86517277524234
escaping_seahorse,20,30,-14.542425094393248,-18.725372664791692,-49.3822565445437,-45.76160071949568,-12.249415724579919,-26.991407793573938,-14.74199206899402,-6.475956940211773,-33.51218499491576
escaping_seahorse,21,31,-15.019546349112911,-18.255267142530187,-50.41622431892964,-45.33310248537983,-12.257038881288565,-26.998438106126986,-14.741399224838421,-5.998228261241621,-33.07606360409127
escaping_seahorse,22,32,-15.496667603832574,-17.790520173064706,-51.204741939161586,-44.88230677102224,-12.269577996684768,-27.010865822652043,-14.741287825967275,-5.520942176379938,-32.61272877433748
escaping_seahorse,23,33,-15.973788858552236,-17.29136966762697,-51.73752499217276,-44.38781334042481,-12.247541518402556,-26.989030774381312,-14.741489255978756,-5.043828149224414,-32.14027182202226
